<application>
  <component name="GeneralSettings">
    <option name="reopenLastProject" value="false" />
    <option name="confirmExit" value="false" />
    <option name="confirmOpenNewProject2" value="-1" />
  </component>
  <component name="LocalizationStateService">
    <option name="lastSelectedLocale" value="zh-CN" />
    <option name="selectedLocale" value="zh-CN" />
  </component>
  <component name="Registry">
    <entry key="ide.experimental.ui" value="true" source="SYSTEM" />
  </component>
  <component name="StatusBar">
    <option name="widgets">
      <map>
        <entry key="dotCoverIndicator" value="false" />
      </map>
    </option>
  </component>
</application>