<application>
  <component name="ProjectManager">
    <defaultProject>
      <component name="DiscordProjectSettings">
        <option name="show" value="ASK" />
        <option name="description" value="" />
      </component>
      <component name="Encoding" addBOMForNewFiles="with BOM under Windows, with no BOM otherwise" />
      <component name="PropertiesComponent"><![CDATA[{
  "keyToString": {
    "settings.editor.selected.configurable": "settings.sync"
  }
}]]></component>
      <component name="VcsDirectoryMappings" defaultProject="true" />
      <component name="WindowStateProjectService">
        <state x="366" y="165" key="Rider.NewProjectDialog.Size" timestamp="1742982723945">
          <screen x="0" y="0" width="1536" height="912" />
        </state>
        <state x="366" y="165" key="Rider.NewProjectDialog.Size/0.0.1536.912" timestamp="1742982723945" />
        <state x="270" y="44" key="SettingsEditor" timestamp="1745638916393">
          <screen x="0" y="0" width="1536" height="912" />
        </state>
        <state x="270" y="44" key="SettingsEditor/0.0.1536.912" timestamp="1745638916393" />
      </component>
    </defaultProject>
  </component>
</application>