<application>
  <component name="SonarLintGlobalSettings">
    <option name="focusOnNewCode" value="true" />
    <option name="rulesByKey">
      <map>
        <entry key="csharpsquid:S2234">
          <value>
            <Rule active="false" key="csharpsquid:S2234" />
          </value>
        </entry>
        <entry key="csharpsquid:S2325">
          <value>
            <Rule active="false" key="csharpsquid:S2325" />
          </value>
        </entry>
        <entry key="csharpsquid:S2696">
          <value>
            <Rule active="false" key="csharpsquid:S2696" />
          </value>
        </entry>
      </map>
    </option>
    <rules>
      <Rule active="false" key="csharpsquid:S2325" />
      <Rule active="false" key="csharpsquid:S2696" />
      <Rule active="false" key="csharpsquid:S2234" />
    </rules>
  </component>
</application>