<application>
  <component name="Trusted.Paths">
    <option name="TRUSTED_PROJECT_PATHS">
      <map>
        <entry key="D:\Avalonia Projects\AiAssistant" value="true" />
        <entry key="D:\Avalonia Projects\BasicMVVMSample" value="true" />
        <entry key="D:\Avalonia Projects\BasicMVVMSample\.idea\.idea.BasicMVVMSample" value="true" />
        <entry key="D:\Avalonia Projects\CommandSample" value="true" />
        <entry key="D:\Avalonia Projects\CommandSample\.idea\.idea.CommandSample" value="true" />
        <entry key="D:\Avalonia Projects\GetStartedApp" value="true" />
        <entry key="D:\Avalonia Projects\GetStartedApp\.idea\.idea.GetStartedApp" value="true" />
        <entry key="D:\Avalonia Projects\To-DoListApp" value="true" />
        <entry key="D:\BotSharp" value="true" />
        <entry key="D:\ConsoleProjects\UndertaleConsoleTest" value="true" />
        <entry key="D:\ConsoleProjects\UndertaleConsoleTest\.idea\.idea.UndertaleConsoleTest" value="true" />
        <entry key="D:\Unity Projects\Epictale-The-Game" value="true" />
        <entry key="D:\Unity Projects\GLISTEN" value="true" />
        <entry key="D:\Unity Projects\GLISTEN\.idea\.idea.GLISTEN" value="true" />
        <entry key="D:\Unity Projects\MinecraftVsZombies2Reverie" value="true" />
        <entry key="D:\Unity Projects\MinecraftVsZombies2Reverie\.idea\.idea.MinecraftVsZombies2Reverie" value="true" />
        <entry key="D:\Unity Projects\Study\SimpleTimeLineWindow" value="true" />
        <entry key="D:\Unity Projects\Study\ink-unity-integration" value="true" />
        <entry key="D:\Unity Projects\Study\ink-unity-integration\.idea\.idea.ink-unity-integration" value="true" />
        <entry key="D:\Unity Projects\Study\ink-unity-integration\Assets\Ink\Demos\Basic Demo\Scripts" value="true" />
        <entry key="D:\Unity Projects\Teach-Project" value="true" />
        <entry key="D:\Unity Projects\Teach-Project\.idea\.idea.Teach-Project" value="true" />
        <entry key="D:\Unity Projects\Teach\Study-Project1" value="true" />
        <entry key="D:\Unity Projects\Teach\Study-Project1\.idea\.idea.Study-Project1" value="true" />
        <entry key="D:\Unity Projects\UTProject-GS" value="true" />
        <entry key="D:\Unity Projects\Undertale-Changer-Template" value="true" />
        <entry key="D:\Unity Projects\Undertale-Changer-Template\.idea\.idea.Undertale-Changer-Template" value="true" />
        <entry key="D:\Unity Projects\Undertale-Rewrite" value="true" />
        <entry key="D:\Unity Projects\Undertale-Rewrite\.idea\.idea.Undertale-Rewrite" value="true" />
        <entry key="D:\Unity Projects\UnityTTSExamples" value="true" />
        <entry key="D:\UnityCsReference-2021.3.15f1\Projects\CSharp" value="true" />
        <entry key="D:\UnityCsReference-2021.3.15f1\Projects\CSharp\.idea\.idea.UnityReferenceSource" value="true" />
        <entry key="D:\Users\Downloads\Avalonia.Samples-main\src\Avalonia.Samples\MVVM\CommandSample" value="true" />
        <entry key="D:\Users\Downloads\Avalonia.Samples-main\src\Avalonia.Samples\MVVM\CommandSample\.idea\.idea.CommandSample.dir" value="true" />
      </map>
    </option>
  </component>
</application>