<application>
  <component name="DimensionService">
    <location key="find.popup.0.0.1920.1200@120dpi" x="230" y="153" />
    <size key="GridCell.Tab.0.left.0.0.1920.1200@120dpi" width="1818" height="325" />
    <size key="GridCell.Tab.0.center.0.0.1920.1200@120dpi" width="1818" height="325" />
    <size key="GridCell.Tab.0.right.0.0.1920.1200@120dpi" width="1818" height="325" />
    <size key="GridCell.Tab.0.bottom.0.0.1920.1200@120dpi" width="1818" height="325" />
    <size key="GridCell.Tab.1.left.0.0.1920.1200@120dpi" width="1818" height="325" />
    <size key="GridCell.Tab.1.center.0.0.1920.1200@120dpi" width="1818" height="325" />
    <size key="GridCell.Tab.1.right.0.0.1920.1200@120dpi" width="1818" height="325" />
    <size key="GridCell.Tab.1.bottom.0.0.1920.1200@120dpi" width="1818" height="325" />
    <size key="GridCell.Tab.2.left.0.0.1920.1200@120dpi" width="1818" height="325" />
    <size key="GridCell.Tab.2.center.0.0.1920.1200@120dpi" width="1818" height="325" />
    <size key="GridCell.Tab.2.right.0.0.1920.1200@120dpi" width="1818" height="325" />
    <size key="GridCell.Tab.2.bottom.0.0.1920.1200@120dpi" width="1818" height="325" />
    <size key="GridCell.Tab.3.left.0.0.1920.1200@120dpi" width="1818" height="325" />
    <size key="GridCell.Tab.3.center.0.0.1920.1200@120dpi" width="1818" height="325" />
    <size key="GridCell.Tab.3.right.0.0.1920.1200@120dpi" width="1818" height="325" />
    <size key="GridCell.Tab.3.bottom.0.0.1920.1200@120dpi" width="1818" height="325" />
    <size key="GridCell.Tab.4.left.0.0.1920.1200@120dpi" width="1818" height="325" />
    <size key="GridCell.Tab.4.center.0.0.1920.1200@120dpi" width="1818" height="325" />
    <size key="GridCell.Tab.4.right.0.0.1920.1200@120dpi" width="1818" height="325" />
    <size key="GridCell.Tab.4.bottom.0.0.1920.1200@120dpi" width="1818" height="325" />
    <size key="GridCell.Tab.5.left.0.0.1920.1200@120dpi" width="1818" height="325" />
    <size key="GridCell.Tab.5.center.0.0.1920.1200@120dpi" width="1818" height="325" />
    <size key="GridCell.Tab.5.right.0.0.1920.1200@120dpi" width="1818" height="325" />
    <size key="GridCell.Tab.5.bottom.0.0.1920.1200@120dpi" width="1818" height="325" />
    <size key="GridCell.Tab.6.left.0.0.1920.1200@120dpi" width="1818" height="325" />
    <size key="GridCell.Tab.6.center.0.0.1920.1200@120dpi" width="1818" height="325" />
    <size key="GridCell.Tab.6.right.0.0.1920.1200@120dpi" width="1818" height="325" />
    <size key="GridCell.Tab.6.bottom.0.0.1920.1200@120dpi" width="1818" height="325" />
    <size key="find.popup.0.0.1920.1200@120dpi" width="903" height="700" />
  </component>
  <component name="WindowManager">
    <frame x="-9" y="-9" width="1938" height="1158" extendedState="6" />
  </component>
  <component name="WindowStateApplicationService">
    <state x="486" y="308" key="APPLICATION_WIDE_STORE_#rider.projectView.actions.properties.EditPropertiesDialog文件" timestamp="1739017081561">
      <screen x="0" y="0" width="1536" height="912" />
    </state>
    <state x="486" y="308" key="APPLICATION_WIDE_STORE_#rider.projectView.actions.properties.EditPropertiesDialog文件/0.0.1536.912" timestamp="1739017081561" />
    <state x="486" y="308" key="APPLICATION_WIDE_STORE_#rider.projectView.actions.properties.EditPropertiesDialog文件夹" timestamp="1741612673781">
      <screen x="0" y="0" width="1536" height="912" />
    </state>
    <state x="486" y="308" key="APPLICATION_WIDE_STORE_#rider.projectView.actions.properties.EditPropertiesDialog文件夹/0.0.1536.912" timestamp="1741612673781" />
    <state width="332" height="720" key="ShowUsagesActions.dimensionServiceKey" timestamp="1746525395735">
      <screen x="0" y="0" width="1536" height="912" />
    </state>
    <state width="332" height="720" key="ShowUsagesActions.dimensionServiceKey/0.0.1536.912" timestamp="1746525395735" />
    <state x="768" y="412" width="800" height="650" key="WELCOME_SCREEN" timestamp="1746678600765">
      <screen x="0" y="0" width="1536" height="912" />
    </state>
    <state x="768" y="412" width="800" height="650" key="WELCOME_SCREEN/0.0.1536.912" timestamp="1746678600765" />
  </component>
</application>