<application>
  <component name="Translation.Cache">
    <option name="lastTrimTime" value="1739360373962" />
  </component>
  <component name="Translation.Settings">
    <option name="primaryLanguage" value="CHINESE_SIMPLIFIED" />
    <option name="translator" value="GOOGLE" />
    <option name="ttsEngine" value="GOOGLE" />
  </component>
  <component name="Translation.States">
    <option name="translationDialogHeight" value="265" />
    <option name="translationDialogLocationX" value="467" />
    <option name="translationDialogLocationY" value="322" />
    <histories>
      <item value="消耗物品" />
      <item value="盔甲" />
      <item value="哈哈" />
      <item value="123" />
      <item value="已按下的Keycode" />
      <item value="confirm" />
      <item value="确定" />
    </histories>
    <option name="languageScores">
      <map>
        <entry key="CHINESE_SIMPLIFIED" value="2" />
      </map>
    </option>
  </component>
</application>